-- MySQL dump 10.13  Distrib 5.6.23, for Win64 (x86_64)
--
-- Host: 120.78.201.30    Database: tts_sys
-- ------------------------------------------------------
-- Server version	5.7.21

/*!40101 SET @OLD_CHARACTER_SET_CLIENT=@@CHARACTER_SET_CLIENT */;
/*!40101 SET @OLD_CHARACTER_SET_RESULTS=@@CHARACTER_SET_RESULTS */;
/*!40101 SET @OLD_COLLATION_CONNECTION=@@COLLATION_CONNECTION */;
/*!40101 SET NAMES utf8 */;
/*!40103 SET @OLD_TIME_ZONE=@@TIME_ZONE */;
/*!40103 SET TIME_ZONE='+00:00' */;
/*!40014 SET @OLD_UNIQUE_CHECKS=@@UNIQUE_CHECKS, UNIQUE_CHECKS=0 */;
/*!40014 SET @OLD_FOREIGN_KEY_CHECKS=@@FOREIGN_KEY_CHECKS, FOREIGN_KEY_CHECKS=0 */;
/*!40101 SET @OLD_SQL_MODE=@@SQL_MODE, SQL_MODE='NO_AUTO_VALUE_ON_ZERO' */;
/*!40111 SET @OLD_SQL_NOTES=@@SQL_NOTES, SQL_NOTES=0 */;

--
-- Table structure for table `order_ticket`
--

DROP TABLE IF EXISTS `order_ticket`;
/*!40101 SET @saved_cs_client     = @@character_set_client */;
/*!40101 SET character_set_client = utf8 */;
CREATE TABLE `order_ticket` (
  `id` int(11) NOT NULL AUTO_INCREMENT COMMENT '每一笔订单的编号',
  `order_time` datetime DEFAULT NULL COMMENT '用户订购时间',
  `train_id` int(11) DEFAULT NULL COMMENT '列车号',
  `ticket_price` decimal(6,2) DEFAULT NULL COMMENT '票价',
  `seat_id` int(11) DEFAULT NULL COMMENT '座位号',
  `seat_type` varchar(45) DEFAULT NULL COMMENT '座位类型',
  `user_id` int(11) DEFAULT NULL COMMENT '用户id',
  `ticket_id` int(11) DEFAULT NULL COMMENT '列车票票号',
  `arrive_route_id` int(11) DEFAULT NULL COMMENT '目的站所在路线的Id',
  `depature_route_id` int(11) DEFAULT NULL COMMENT '起始站所在路线Id',
  `effect` int(11) DEFAULT NULL COMMENT '是否有效，默认为1，当用户退票时，将该订单号置为0',
  PRIMARY KEY (`id`)
) ENGINE=InnoDB AUTO_INCREMENT=25 DEFAULT CHARSET=utf8 COMMENT='订单表';
/*!40101 SET character_set_client = @saved_cs_client */;

--
-- Dumping data for table `order_ticket`
--

LOCK TABLES `order_ticket` WRITE;
/*!40000 ALTER TABLE `order_ticket` DISABLE KEYS */;
INSERT INTO `order_ticket` VALUES (21,'2018-12-29 10:01:51',1,330.00,NULL,'stand_remain',1,915,4,1,0),(22,'2018-12-29 10:02:43',1,550.00,NULL,'second_remain',1,859,4,1,0),(23,'2018-12-29 10:27:12',1,550.00,NULL,'second_remain',1,915,4,1,0),(24,'2018-12-29 10:29:56',1,770.00,NULL,'business_remain',1,803,4,1,0);
/*!40000 ALTER TABLE `order_ticket` ENABLE KEYS */;
UNLOCK TABLES;

--
-- Table structure for table `route`
--

DROP TABLE IF EXISTS `route`;
/*!40101 SET @saved_cs_client     = @@character_set_client */;
/*!40101 SET character_set_client = utf8 */;
CREATE TABLE `route` (
  `id` int(11) NOT NULL AUTO_INCREMENT COMMENT '该路线编号',
  `train_id` int(11) DEFAULT NULL COMMENT '列车号id',
  `station_name` varchar(45) DEFAULT NULL COMMENT '站点名称',
  `route_seq` int(11) NOT NULL COMMENT '该站点在整条路线的站点顺序号',
  `next_distance` int(11) DEFAULT NULL COMMENT '与下一站的距离',
  `departure_time` datetime DEFAULT NULL COMMENT '到达该路线的该站点时间',
  `arrive_time` datetime DEFAULT NULL COMMENT '从该站出发的时间',
  PRIMARY KEY (`id`)
) ENGINE=InnoDB AUTO_INCREMENT=109 DEFAULT CHARSET=utf8 COMMENT='所有列车的途径站点信息';
/*!40101 SET character_set_client = @saved_cs_client */;

--
-- Dumping data for table `route`
--

LOCK TABLES `route` WRITE;
/*!40000 ALTER TABLE `route` DISABLE KEYS */;
INSERT INTO `route` VALUES (1,1,'深圳',1,150,'2019-01-01 06:10:00','2019-01-01 06:00:00'),(2,1,'广州',2,400,'2019-01-01 07:10:00','2019-01-01 07:00:00'),(3,1,'厦门',3,400,'2019-01-01 09:10:00','2019-01-01 09:00:00'),(4,1,'杭州',4,150,'2019-01-01 11:10:00','2019-01-01 11:00:00'),(5,1,'上海',5,200,'2019-01-01 12:10:00','2019-01-01 12:00:00'),(6,1,'南京',6,250,'2019-01-01 13:10:00','2019-01-01 13:00:00'),(7,1,'合肥',7,250,'2019-01-01 14:10:00','2019-01-01 14:00:00'),(8,1,'郑州',8,300,'2019-01-01 15:10:00','2019-01-01 15:00:00'),(9,1,'济南',9,250,'2019-01-01 16:10:00','2019-01-01 16:00:00'),(10,1,'石家庄',10,150,'2019-01-01 17:10:00','2019-01-01 17:00:00'),(11,1,'北京',11,0,'2019-01-01 18:00:00','2019-01-01 18:00:00'),(12,2,'深圳',1,450,'2019-01-01 08:00:00','2019-01-01 07:55:00'),(13,2,'厦门',2,200,'2019-01-01 10:10:00','2019-01-01 10:00:00'),(22,5,'杭州',1,400,'2019-01-02 11:30:00','2019-01-02 11:25:00'),(23,5,'无锡',2,200,'2019-01-02 13:05:00','2019-01-02 13:00:00'),(24,3,'珠海',1,400,'2019-01-18 06:10:00','2019-01-18 06:00:00'),(25,3,'汕头',2,600,'2019-01-18 08:10:00','2019-01-18 08:00:00'),(26,3,'厦门',3,400,'2019-01-18 11:05:00','2019-01-18 11:00:00'),(28,5,'南京',3,300,'2019-01-02 14:35:00','2019-01-02 14:30:00'),(29,5,'合肥',4,250,'2019-01-02 16:05:00','2019-01-02 16:00:00'),(30,5,'郑州',5,400,'2019-01-02 17:40:00','2019-01-02 17:30:00'),(31,5,'石家庄',6,150,'2019-01-02 19:05:00','2019-01-02 19:00:00'),(32,5,'天津',7,100,'2019-01-02 20:05:00','2019-01-02 20:00:00'),(33,5,'北京',8,150,'2019-01-02 21:10:00','2019-01-02 21:00:00'),(34,5,'秦皇岛',9,400,'2019-01-02 22:00:00','2019-01-02 21:50:00'),(35,5,'沈阳',10,0,'2019-01-02 23:30:00','2019-01-02 23:30:00'),(36,2,'杭州',3,150,'2019-01-01 11:05:00','2019-01-01 11:00:00'),(37,2,'上海',4,200,'2019-01-01 13:05:00','2019-01-01 13:00:00'),(38,2,'南京',5,250,'2019-01-01 14:05:00','2019-01-01 14:00:00'),(39,2,'合肥',6,250,'2019-01-01 15:05:00','2019-01-01 15:00:00'),(40,2,'郑州',7,300,'2019-01-01 16:25:00','2019-01-01 16:20:00'),(41,2,'济南',8,250,'2019-01-01 18:05:00','2019-01-01 18:00:00'),(42,2,'石家庄',9,150,'2019-01-01 19:05:00','2019-01-01 19:00:00'),(43,2,'北京',10,100,'2019-01-01 20:05:00','2019-01-01 20:00:00'),(44,2,'张家口',11,400,'2019-01-01 21:05:00','2019-01-01 21:00:00'),(45,2,'呼和浩特',12,0,'2019-01-01 23:00:00','2019-01-01 23:00:00'),(46,3,'杭州',4,100,'2019-01-18 12:35:00','2019-01-18 12:30:00'),(47,3,'上海',5,100,'2019-01-18 13:05:00','2019-01-18 13:00:00'),(48,3,'苏州',6,200,'2019-01-18 13:45:00','2019-01-18 13:40:00'),(49,3,'南京',7,200,'2019-01-18 14:40:00','2019-01-18 14:30:00'),(50,3,'合肥',8,400,'2019-01-18 15:50:00','2019-01-18 15:45:00'),(51,3,'武汉',9,300,'2019-01-18 17:05:00','2019-01-18 17:00:00'),(52,3,'长沙',10,300,'2019-01-18 18:30:00','2019-01-18 18:25:00'),(53,3,'重庆',11,300,'2019-01-18 19:50:00','2019-01-18 19:40:00'),(54,3,'贵阳',12,200,'2019-01-18 21:05:00','2019-01-18 21:00:00'),(55,3,'昆明',13,0,'2019-01-18 22:00:00','2019-01-18 22:00:00'),(56,4,'深圳',1,150,'2019-01-01 06:10:00','2019-01-01 06:00:00'),(57,4,'广州',2,400,'2019-01-01 07:10:00','2019-01-01 07:00:00'),(58,4,'厦门',3,400,'2019-01-01 09:10:00','2019-01-01 09:00:00'),(59,4,'杭州',4,150,'2019-01-01 11:10:00','2019-01-01 11:00:00'),(60,4,'上海',5,200,'2019-01-01 12:10:00','2019-01-01 12:00:00'),(61,4,'南京',6,250,'2019-01-01 13:10:00','2019-01-01 13:00:00'),(62,4,'合肥',7,250,'2019-01-01 14:10:00','2019-01-01 14:00:00'),(63,4,'郑州',8,300,'2019-01-01 15:10:00','2019-01-01 15:00:00'),(64,4,'济南',9,250,'2019-01-01 16:10:00','2019-01-01 16:00:00'),(65,4,'石家庄',10,150,'2019-01-01 17:10:00','2019-01-01 17:00:00'),(66,4,'天津',11,150,'2019-01-01 18:10:00','2019-01-01 18:00:00'),(67,4,'北京',12,200,'2019-01-01 19:10:00','2019-01-01 19:00:00'),(68,4,'秦皇岛',13,200,'2019-01-01 20:10:00','2019-01-01 20:00:00'),(69,4,'锦州',14,200,'2019-01-01 21:10:00','2019-01-01 21:00:00'),(70,4,'长春',15,0,'2019-01-01 22:10:00','2019-01-01 22:00:00'),(71,6,'深圳',1,150,'2019-01-01 06:10:00','2019-01-01 06:00:00'),(72,6,'广州',2,400,'2019-01-01 07:10:00','2019-01-01 07:00:00'),(73,6,'厦门',3,200,'2019-01-01 09:10:00','2019-01-01 09:00:00'),(74,6,'福州',4,150,'2019-01-01 10:10:00','2019-01-01 10:00:00'),(75,6,'杭州',5,150,'2019-01-01 11:10:00','2019-01-01 11:00:00'),(76,6,'上海',6,200,'2019-01-01 12:10:00','2019-01-01 12:00:00'),(77,6,'南京',7,400,'2019-01-01 13:10:00','2019-01-01 13:00:00'),(78,6,'济南',8,200,'2019-01-01 15:10:00','2019-01-01 15:00:00'),(79,6,'石家庄',9,150,'2019-01-01 16:10:00','2019-01-01 16:00:00'),(80,6,'天津',10,100,'2019-01-01 17:10:00','2019-01-01 17:00:00'),(81,6,'北京',11,300,'2019-01-01 18:10:00','2019-01-01 18:00:00'),(82,6,'沈阳',12,400,'2019-01-01 20:10:00','2019-01-01 20:00:00'),(83,6,'哈尔滨',13,0,'2019-01-01 22:10:00','2019-01-01 22:10:00'),(84,7,'海口',1,100,'2019-01-01 06:10:00','2019-01-01 06:00:00'),(85,7,'湛江',2,150,'2019-01-01 07:10:00','2019-01-01 07:00:00'),(86,7,'深圳',3,50,'2019-01-01 08:10:00','2019-01-01 08:00:00'),(87,7,'广州',4,200,'2019-01-01 08:50:00','2019-01-01 08:40:00'),(88,7,'厦门',5,200,'2019-01-01 09:50:00','2019-01-01 09:40:00'),(89,7,'杭州',6,150,'2019-01-01 10:50:00','2019-01-01 10:45:00'),(90,7,'上海',7,50,'2019-01-01 11:35:00','2019-01-01 11:30:00'),(91,7,'南京',8,100,'2019-01-01 12:15:00','2019-01-01 12:10:00'),(92,7,'郑州',9,300,'2019-01-01 14:10:00','2019-01-01 14:00:00'),(93,7,'西安',10,300,'2019-01-01 15:10:00','2019-01-01 15:00:00'),(94,7,'兰州',11,300,'2019-01-01 17:10:00','2019-01-01 17:00:00'),(95,7,'西宁',12,500,'2019-01-01 19:10:00','2019-01-01 19:00:00'),(96,7,'乌鲁木齐',13,0,'2019-01-01 22:10:00','2019-01-01 22:10:00'),(97,8,'广州',1,300,'2019-01-01 06:10:00','2019-01-01 06:00:00'),(98,8,'厦门',2,200,'2019-01-01 08:10:00','2019-01-01 08:00:00'),(99,8,'温州',3,300,'2019-01-01 09:10:00','2019-01-01 09:00:00'),(100,8,'宁波',4,200,'2019-01-01 11:10:00','2019-01-01 11:00:00'),(101,8,'无锡',5,200,'2019-01-01 12:10:00','2019-01-01 12:00:00'),(102,8,'南京',6,300,'2019-01-01 13:10:00','2019-01-01 13:00:00'),(103,8,'青岛',7,200,'2019-01-01 14:10:00','2019-01-01 14:00:00'),(104,8,'天津',8,100,'2019-01-01 15:10:00','2019-01-01 15:00:00'),(105,8,'北京',9,100,'2019-01-01 16:10:00','2019-01-01 16:00:00'),(106,8,'张家口',10,100,'2019-01-01 17:10:00','2019-01-01 17:00:00'),(107,8,'太原',11,300,'2019-01-01 18:10:00','2019-01-01 18:00:00'),(108,8,'呼和浩特',12,0,'2019-01-01 20:10:00','2019-01-01 20:00:00');
/*!40000 ALTER TABLE `route` ENABLE KEYS */;
UNLOCK TABLES;

--
-- Table structure for table `seat`
--

DROP TABLE IF EXISTS `seat`;
/*!40101 SET @saved_cs_client     = @@character_set_client */;
/*!40101 SET character_set_client = utf8 */;
CREATE TABLE `seat` (
  `seatId` int(11) NOT NULL,
  `seatStatus` int(11) DEFAULT NULL COMMENT '座位状态0表示未被订购，1表示已被订购',
  `seatType` int(11) DEFAULT NULL,
  `kmPrice` int(11) DEFAULT NULL COMMENT '每公里运费：无座每公里运费0.5元；二等座每公里0.7元；一等座每公里1元',
  `trainId` varchar(8) CHARACTER SET utf8 COLLATE utf8_unicode_ci DEFAULT NULL COMMENT '列车号',
  PRIMARY KEY (`seatId`),
  KEY `trainId_idx` (`trainId`)
) ENGINE=InnoDB DEFAULT CHARSET=utf8 COMMENT='座位信息表';
/*!40101 SET character_set_client = @saved_cs_client */;

--
-- Dumping data for table `seat`
--

LOCK TABLES `seat` WRITE;
/*!40000 ALTER TABLE `seat` DISABLE KEYS */;
/*!40000 ALTER TABLE `seat` ENABLE KEYS */;
UNLOCK TABLES;

--
-- Table structure for table `seat_type`
--

DROP TABLE IF EXISTS `seat_type`;
/*!40101 SET @saved_cs_client     = @@character_set_client */;
/*!40101 SET character_set_client = utf8 */;
CREATE TABLE `seat_type` (
  `seatType` varchar(45) NOT NULL COMMENT '座位类型',
  `perCost` decimal(2,1) DEFAULT NULL COMMENT '每公里花费',
  PRIMARY KEY (`seatType`)
) ENGINE=InnoDB DEFAULT CHARSET=utf8 COMMENT='座位类型和对应的毎km运费金额大小';
/*!40101 SET character_set_client = @saved_cs_client */;

--
-- Dumping data for table `seat_type`
--

LOCK TABLES `seat_type` WRITE;
/*!40000 ALTER TABLE `seat_type` DISABLE KEYS */;
INSERT INTO `seat_type` VALUES ('advanced_soft_remain',1.2),('business_remain',0.7),('first_remain',0.7),('hard_remain',0.4),('hard_sleeper_remain',0.8),('highspeed_sleeper_remain',1.0),('second_remain',0.5),('soft_remain',0.6),('soft_sleeper_remain',1.0),('stand_remain',0.3);
/*!40000 ALTER TABLE `seat_type` ENABLE KEYS */;
UNLOCK TABLES;

--
-- Table structure for table `ticket_count`
--

DROP TABLE IF EXISTS `ticket_count`;
/*!40101 SET @saved_cs_client     = @@character_set_client */;
/*!40101 SET character_set_client = utf8 */;
CREATE TABLE `ticket_count` (
  `id` int(11) NOT NULL AUTO_INCREMENT,
  `train_id` int(8) DEFAULT NULL COMMENT '列车号',
  `ticket_remain` int(11) DEFAULT NULL COMMENT '剩余票总数',
  `order_time` datetime DEFAULT NULL COMMENT '出发时间',
  `stand_remain` int(11) DEFAULT NULL COMMENT '站票剩余票数',
  `second_remain` int(11) DEFAULT NULL COMMENT '二等座剩余票数',
  `first_remain` int(11) DEFAULT NULL COMMENT '一等座剩余票数',
  `business_remain` int(11) DEFAULT NULL COMMENT '商务座剩余票数',
  `soft_sleeper_remain` int(11) DEFAULT NULL COMMENT '软卧剩余票数',
  `advanced_soft_remain` int(11) DEFAULT NULL COMMENT '高级软卧剩余票数',
  `highspeed_sleeper_remain` int(11) DEFAULT NULL COMMENT '动卧剩余票数',
  `hard_sleeper_remain` int(11) DEFAULT NULL COMMENT '硬卧剩余票数',
  `soft_remain` int(11) DEFAULT NULL COMMENT '软座剩余票数',
  `hard_remain` int(11) DEFAULT NULL COMMENT '硬座剩余票数',
  PRIMARY KEY (`id`),
  KEY `trainId_idx` (`train_id`)
) ENGINE=InnoDB AUTO_INCREMENT=987 DEFAULT CHARSET=utf8 COMMENT='火车路线余票表';
/*!40101 SET character_set_client = @saved_cs_client */;

--
-- Dumping data for table `ticket_count`
--

LOCK TABLES `ticket_count` WRITE;
/*!40000 ALTER TABLE `ticket_count` DISABLE KEYS */;
INSERT INTO `ticket_count` VALUES (739,1,600,'2018-12-28 08:00:00',50,300,100,100,0,0,50,0,0,0),(740,2,600,'2018-12-28 08:00:00',0,250,100,100,100,50,0,0,0,0),(741,3,600,'2018-12-28 08:00:00',50,300,100,100,0,0,50,0,0,0),(742,4,600,'2018-12-28 08:00:00',50,300,100,100,0,0,50,0,0,0),(743,5,600,'2018-12-28 08:00:00',50,300,100,100,0,0,50,0,0,0),(744,6,600,'2018-12-28 08:00:00',50,300,100,100,0,0,50,0,0,0),(745,7,600,'2018-12-28 08:00:00',50,300,100,100,0,0,50,0,0,0),(746,8,600,'2018-12-28 08:00:00',50,300,100,100,0,0,50,0,0,0),(747,1,600,'2018-12-29 08:00:00',50,300,100,100,0,0,50,0,0,0),(748,2,600,'2018-12-29 08:00:00',0,250,100,100,100,50,0,0,0,0),(749,3,600,'2018-12-29 08:00:00',50,300,100,100,0,0,50,0,0,0),(750,4,600,'2018-12-29 08:00:00',50,300,100,100,0,0,50,0,0,0),(751,5,600,'2018-12-29 08:00:00',50,300,100,100,0,0,50,0,0,0),(752,6,600,'2018-12-29 08:00:00',50,300,100,100,0,0,50,0,0,0),(753,7,600,'2018-12-29 08:00:00',50,300,100,100,0,0,50,0,0,0),(754,8,600,'2018-12-29 08:00:00',50,300,100,100,0,0,50,0,0,0),(755,1,600,'2018-12-30 08:00:00',50,300,100,100,0,0,50,0,0,0),(756,2,600,'2018-12-30 08:00:00',0,250,100,100,100,50,0,0,0,0),(757,3,600,'2018-12-30 08:00:00',50,300,100,100,0,0,50,0,0,0),(758,4,600,'2018-12-30 08:00:00',50,300,100,100,0,0,50,0,0,0),(759,5,600,'2018-12-30 08:00:00',50,300,100,100,0,0,50,0,0,0),(760,6,600,'2018-12-30 08:00:00',50,300,100,100,0,0,50,0,0,0),(761,7,600,'2018-12-30 08:00:00',50,300,100,100,0,0,50,0,0,0),(762,8,600,'2018-12-30 08:00:00',50,300,100,100,0,0,50,0,0,0),(763,1,600,'2018-12-31 08:00:00',50,300,100,100,0,0,50,0,0,0),(764,2,600,'2018-12-31 08:00:00',0,250,100,100,100,50,0,0,0,0),(765,3,600,'2018-12-31 08:00:00',50,300,100,100,0,0,50,0,0,0),(766,4,600,'2018-12-31 08:00:00',50,300,100,100,0,0,50,0,0,0),(767,5,600,'2018-12-31 08:00:00',50,300,100,100,0,0,50,0,0,0),(768,6,600,'2018-12-31 08:00:00',50,300,100,100,0,0,50,0,0,0),(769,7,600,'2018-12-31 08:00:00',50,300,100,100,0,0,50,0,0,0),(770,8,600,'2018-12-31 08:00:00',50,300,100,100,0,0,50,0,0,0),(771,1,600,'2019-01-01 08:00:00',50,300,100,100,0,0,50,0,0,0),(772,2,600,'2019-01-01 08:00:00',0,250,100,100,100,50,0,0,0,0),(773,3,600,'2019-01-01 08:00:00',50,300,100,100,0,0,50,0,0,0),(774,4,600,'2019-01-01 08:00:00',50,300,100,100,0,0,50,0,0,0),(775,5,600,'2019-01-01 08:00:00',50,300,100,100,0,0,50,0,0,0),(776,6,600,'2019-01-01 08:00:00',50,300,100,100,0,0,50,0,0,0),(777,7,600,'2019-01-01 08:00:00',50,300,100,100,0,0,50,0,0,0),(778,8,600,'2019-01-01 08:00:00',50,300,100,100,0,0,50,0,0,0),(779,1,600,'2019-01-02 08:00:00',50,300,100,100,0,0,50,0,0,0),(780,2,600,'2019-01-02 08:00:00',0,250,100,100,100,50,0,0,0,0),(781,3,600,'2019-01-02 08:00:00',50,300,100,100,0,0,50,0,0,0),(782,4,600,'2019-01-02 08:00:00',50,300,100,100,0,0,50,0,0,0),(783,5,600,'2019-01-02 08:00:00',50,300,100,100,0,0,50,0,0,0),(784,6,600,'2019-01-02 08:00:00',50,300,100,100,0,0,50,0,0,0),(785,7,600,'2019-01-02 08:00:00',50,300,100,100,0,0,50,0,0,0),(786,8,600,'2019-01-02 08:00:00',50,300,100,100,0,0,50,0,0,0),(787,1,600,'2019-01-03 08:00:00',50,300,100,100,0,0,50,0,0,0),(788,2,600,'2019-01-03 08:00:00',0,250,100,100,100,50,0,0,0,0),(789,3,600,'2019-01-03 08:00:00',50,300,100,100,0,0,50,0,0,0),(790,4,600,'2019-01-03 08:00:00',50,300,100,100,0,0,50,0,0,0),(791,5,600,'2019-01-03 08:00:00',50,300,100,100,0,0,50,0,0,0),(792,6,600,'2019-01-03 08:00:00',50,300,100,100,0,0,50,0,0,0),(793,7,600,'2019-01-03 08:00:00',50,300,100,100,0,0,50,0,0,0),(794,8,600,'2019-01-03 08:00:00',50,300,100,100,0,0,50,0,0,0),(795,1,600,'2019-01-04 08:00:00',50,300,100,100,0,0,50,0,0,0),(796,2,600,'2019-01-04 08:00:00',0,250,100,100,100,50,0,0,0,0),(797,3,600,'2019-01-04 08:00:00',50,300,100,100,0,0,50,0,0,0),(798,4,600,'2019-01-04 08:00:00',50,300,100,100,0,0,50,0,0,0),(799,5,600,'2019-01-04 08:00:00',50,300,100,100,0,0,50,0,0,0),(800,6,600,'2019-01-04 08:00:00',50,300,100,100,0,0,50,0,0,0),(801,7,600,'2019-01-04 08:00:00',50,300,100,100,0,0,50,0,0,0),(802,8,600,'2019-01-04 08:00:00',50,300,100,100,0,0,50,0,0,0),(803,1,600,'2019-01-05 08:00:00',50,300,100,100,0,0,50,0,0,0),(804,2,600,'2019-01-05 08:00:00',0,250,100,100,100,50,0,0,0,0),(805,3,600,'2019-01-05 08:00:00',50,300,100,100,0,0,50,0,0,0),(806,4,600,'2019-01-05 08:00:00',50,300,100,100,0,0,50,0,0,0),(807,5,600,'2019-01-05 08:00:00',50,300,100,100,0,0,50,0,0,0),(808,6,600,'2019-01-05 08:00:00',50,300,100,100,0,0,50,0,0,0),(809,7,600,'2019-01-05 08:00:00',50,300,100,100,0,0,50,0,0,0),(810,8,600,'2019-01-05 08:00:00',50,300,100,100,0,0,50,0,0,0),(811,1,600,'2019-01-06 08:00:00',50,300,100,100,0,0,50,0,0,0),(812,2,600,'2019-01-06 08:00:00',0,250,100,100,100,50,0,0,0,0),(813,3,600,'2019-01-06 08:00:00',50,300,100,100,0,0,50,0,0,0),(814,4,600,'2019-01-06 08:00:00',50,300,100,100,0,0,50,0,0,0),(815,5,600,'2019-01-06 08:00:00',50,300,100,100,0,0,50,0,0,0),(816,6,600,'2019-01-06 08:00:00',50,300,100,100,0,0,50,0,0,0),(817,7,600,'2019-01-06 08:00:00',50,300,100,100,0,0,50,0,0,0),(818,8,600,'2019-01-06 08:00:00',50,300,100,100,0,0,50,0,0,0),(819,1,600,'2019-01-07 08:00:00',50,300,100,100,0,0,50,0,0,0),(820,2,600,'2019-01-07 08:00:00',0,250,100,100,100,50,0,0,0,0),(821,3,600,'2019-01-07 08:00:00',50,300,100,100,0,0,50,0,0,0),(822,4,600,'2019-01-07 08:00:00',50,300,100,100,0,0,50,0,0,0),(823,5,600,'2019-01-07 08:00:00',50,300,100,100,0,0,50,0,0,0),(824,6,600,'2019-01-07 08:00:00',50,300,100,100,0,0,50,0,0,0),(825,7,600,'2019-01-07 08:00:00',50,300,100,100,0,0,50,0,0,0),(826,8,600,'2019-01-07 08:00:00',50,300,100,100,0,0,50,0,0,0),(827,1,600,'2019-01-08 08:00:00',50,300,100,100,0,0,50,0,0,0),(828,2,600,'2019-01-08 08:00:00',0,250,100,100,100,50,0,0,0,0),(829,3,600,'2019-01-08 08:00:00',50,300,100,100,0,0,50,0,0,0),(830,4,600,'2019-01-08 08:00:00',50,300,100,100,0,0,50,0,0,0),(831,5,600,'2019-01-08 08:00:00',50,300,100,100,0,0,50,0,0,0),(832,6,600,'2019-01-08 08:00:00',50,300,100,100,0,0,50,0,0,0),(833,7,600,'2019-01-08 08:00:00',50,300,100,100,0,0,50,0,0,0),(834,8,600,'2019-01-08 08:00:00',50,300,100,100,0,0,50,0,0,0),(835,1,600,'2019-01-09 08:00:00',50,300,100,100,0,0,50,0,0,0),(836,2,600,'2019-01-09 08:00:00',0,250,100,100,100,50,0,0,0,0),(837,3,600,'2019-01-09 08:00:00',50,300,100,100,0,0,50,0,0,0),(838,4,600,'2019-01-09 08:00:00',50,300,100,100,0,0,50,0,0,0),(839,5,600,'2019-01-09 08:00:00',50,300,100,100,0,0,50,0,0,0),(840,6,600,'2019-01-09 08:00:00',50,300,100,100,0,0,50,0,0,0),(841,7,600,'2019-01-09 08:00:00',50,300,100,100,0,0,50,0,0,0),(842,8,600,'2019-01-09 08:00:00',50,300,100,100,0,0,50,0,0,0),(843,1,600,'2019-01-10 08:00:00',50,300,100,100,0,0,50,0,0,0),(844,2,600,'2019-01-10 08:00:00',0,250,100,100,100,50,0,0,0,0),(845,3,600,'2019-01-10 08:00:00',50,300,100,100,0,0,50,0,0,0),(846,4,600,'2019-01-10 08:00:00',50,300,100,100,0,0,50,0,0,0),(847,5,600,'2019-01-10 08:00:00',50,300,100,100,0,0,50,0,0,0),(848,6,600,'2019-01-10 08:00:00',50,300,100,100,0,0,50,0,0,0),(849,7,600,'2019-01-10 08:00:00',50,300,100,100,0,0,50,0,0,0),(850,8,600,'2019-01-10 08:00:00',50,300,100,100,0,0,50,0,0,0),(851,1,600,'2019-01-11 08:00:00',50,300,100,100,0,0,50,0,0,0),(852,2,600,'2019-01-11 08:00:00',0,250,100,100,100,50,0,0,0,0),(853,3,600,'2019-01-11 08:00:00',50,300,100,100,0,0,50,0,0,0),(854,4,600,'2019-01-11 08:00:00',50,300,100,100,0,0,50,0,0,0),(855,5,600,'2019-01-11 08:00:00',50,300,100,100,0,0,50,0,0,0),(856,6,600,'2019-01-11 08:00:00',50,300,100,100,0,0,50,0,0,0),(857,7,600,'2019-01-11 08:00:00',50,300,100,100,0,0,50,0,0,0),(858,8,600,'2019-01-11 08:00:00',50,300,100,100,0,0,50,0,0,0),(859,1,600,'2019-01-12 08:00:00',50,300,100,100,0,0,50,0,0,0),(860,2,600,'2019-01-12 08:00:00',0,250,100,100,100,50,0,0,0,0),(861,3,600,'2019-01-12 08:00:00',50,300,100,100,0,0,50,0,0,0),(862,4,600,'2019-01-12 08:00:00',50,300,100,100,0,0,50,0,0,0),(863,5,600,'2019-01-12 08:00:00',50,300,100,100,0,0,50,0,0,0),(864,6,600,'2019-01-12 08:00:00',50,300,100,100,0,0,50,0,0,0),(865,7,600,'2019-01-12 08:00:00',50,300,100,100,0,0,50,0,0,0),(866,8,600,'2019-01-12 08:00:00',50,300,100,100,0,0,50,0,0,0),(867,1,600,'2019-01-13 08:00:00',50,300,100,100,0,0,50,0,0,0),(868,2,600,'2019-01-13 08:00:00',0,250,100,100,100,50,0,0,0,0),(869,3,600,'2019-01-13 08:00:00',50,300,100,100,0,0,50,0,0,0),(870,4,600,'2019-01-13 08:00:00',50,300,100,100,0,0,50,0,0,0),(871,5,600,'2019-01-13 08:00:00',50,300,100,100,0,0,50,0,0,0),(872,6,600,'2019-01-13 08:00:00',50,300,100,100,0,0,50,0,0,0),(873,7,600,'2019-01-13 08:00:00',50,300,100,100,0,0,50,0,0,0),(874,8,600,'2019-01-13 08:00:00',50,300,100,100,0,0,50,0,0,0),(875,1,600,'2019-01-14 08:00:00',50,300,100,100,0,0,50,0,0,0),(876,2,600,'2019-01-14 08:00:00',0,250,100,100,100,50,0,0,0,0),(877,3,600,'2019-01-14 08:00:00',50,300,100,100,0,0,50,0,0,0),(878,4,600,'2019-01-14 08:00:00',50,300,100,100,0,0,50,0,0,0),(879,5,600,'2019-01-14 08:00:00',50,300,100,100,0,0,50,0,0,0),(880,6,600,'2019-01-14 08:00:00',50,300,100,100,0,0,50,0,0,0),(881,7,600,'2019-01-14 08:00:00',50,300,100,100,0,0,50,0,0,0),(882,8,600,'2019-01-14 08:00:00',50,300,100,100,0,0,50,0,0,0),(883,1,600,'2019-01-15 08:00:00',50,300,100,100,0,0,50,0,0,0),(884,2,600,'2019-01-15 08:00:00',0,250,100,100,100,50,0,0,0,0),(885,3,600,'2019-01-15 08:00:00',50,300,100,100,0,0,50,0,0,0),(886,4,600,'2019-01-15 08:00:00',50,300,100,100,0,0,50,0,0,0),(887,5,600,'2019-01-15 08:00:00',50,300,100,100,0,0,50,0,0,0),(888,6,600,'2019-01-15 08:00:00',50,300,100,100,0,0,50,0,0,0),(889,7,600,'2019-01-15 08:00:00',50,300,100,100,0,0,50,0,0,0),(890,8,600,'2019-01-15 08:00:00',50,300,100,100,0,0,50,0,0,0),(891,1,600,'2019-01-16 08:00:00',50,300,100,100,0,0,50,0,0,0),(892,2,600,'2019-01-16 08:00:00',0,250,100,100,100,50,0,0,0,0),(893,3,600,'2019-01-16 08:00:00',50,300,100,100,0,0,50,0,0,0),(894,4,600,'2019-01-16 08:00:00',50,300,100,100,0,0,50,0,0,0),(895,5,600,'2019-01-16 08:00:00',50,300,100,100,0,0,50,0,0,0),(896,6,600,'2019-01-16 08:00:00',50,300,100,100,0,0,50,0,0,0),(897,7,600,'2019-01-16 08:00:00',50,300,100,100,0,0,50,0,0,0),(898,8,600,'2019-01-16 08:00:00',50,300,100,100,0,0,50,0,0,0),(899,1,600,'2019-01-17 08:00:00',50,300,100,100,0,0,50,0,0,0),(900,2,600,'2019-01-17 08:00:00',0,250,100,100,100,50,0,0,0,0),(901,3,600,'2019-01-17 08:00:00',50,300,100,100,0,0,50,0,0,0),(902,4,600,'2019-01-17 08:00:00',50,300,100,100,0,0,50,0,0,0),(903,5,600,'2019-01-17 08:00:00',50,300,100,100,0,0,50,0,0,0),(904,6,600,'2019-01-17 08:00:00',50,300,100,100,0,0,50,0,0,0),(905,7,600,'2019-01-17 08:00:00',50,300,100,100,0,0,50,0,0,0),(906,8,600,'2019-01-17 08:00:00',50,300,100,100,0,0,50,0,0,0),(907,1,600,'2019-01-18 08:00:00',50,300,100,100,0,0,50,0,0,0),(908,2,600,'2019-01-18 08:00:00',0,250,100,100,100,50,0,0,0,0),(909,3,600,'2019-01-18 08:00:00',50,300,100,100,0,0,50,0,0,0),(910,4,600,'2019-01-18 08:00:00',50,300,100,100,0,0,50,0,0,0),(911,5,600,'2019-01-18 08:00:00',50,300,100,100,0,0,50,0,0,0),(912,6,600,'2019-01-18 08:00:00',50,300,100,100,0,0,50,0,0,0),(913,7,600,'2019-01-18 08:00:00',50,300,100,100,0,0,50,0,0,0),(914,8,600,'2019-01-18 08:00:00',50,300,100,100,0,0,50,0,0,0),(915,1,600,'2019-01-19 08:00:00',50,300,100,100,0,0,50,0,0,0),(916,2,600,'2019-01-19 08:00:00',0,250,100,100,100,50,0,0,0,0),(917,3,600,'2019-01-19 08:00:00',50,300,100,100,0,0,50,0,0,0),(918,4,600,'2019-01-19 08:00:00',50,300,100,100,0,0,50,0,0,0),(919,5,600,'2019-01-19 08:00:00',50,300,100,100,0,0,50,0,0,0),(920,6,600,'2019-01-19 08:00:00',50,300,100,100,0,0,50,0,0,0),(921,7,600,'2019-01-19 08:00:00',50,300,100,100,0,0,50,0,0,0),(922,8,600,'2019-01-19 08:00:00',50,300,100,100,0,0,50,0,0,0),(923,1,600,'2019-01-20 08:00:00',50,300,100,100,0,0,50,0,0,0),(924,2,600,'2019-01-20 08:00:00',0,250,100,100,100,50,0,0,0,0),(925,3,600,'2019-01-20 08:00:00',50,300,100,100,0,0,50,0,0,0),(926,4,600,'2019-01-20 08:00:00',50,300,100,100,0,0,50,0,0,0),(927,5,600,'2019-01-20 08:00:00',50,300,100,100,0,0,50,0,0,0),(928,6,600,'2019-01-20 08:00:00',50,300,100,100,0,0,50,0,0,0),(929,7,600,'2019-01-20 08:00:00',50,300,100,100,0,0,50,0,0,0),(930,8,600,'2019-01-20 08:00:00',50,300,100,100,0,0,50,0,0,0),(931,1,600,'2019-01-21 08:00:00',50,300,100,100,0,0,50,0,0,0),(932,2,600,'2019-01-21 08:00:00',0,250,100,100,100,50,0,0,0,0),(933,3,600,'2019-01-21 08:00:00',50,300,100,100,0,0,50,0,0,0),(934,4,600,'2019-01-21 08:00:00',50,300,100,100,0,0,50,0,0,0),(935,5,600,'2019-01-21 08:00:00',50,300,100,100,0,0,50,0,0,0),(936,6,600,'2019-01-21 08:00:00',50,300,100,100,0,0,50,0,0,0),(937,7,600,'2019-01-21 08:00:00',50,300,100,100,0,0,50,0,0,0),(938,8,600,'2019-01-21 08:00:00',50,300,100,100,0,0,50,0,0,0),(939,1,600,'2019-01-22 08:00:00',50,300,100,100,0,0,50,0,0,0),(940,2,600,'2019-01-22 08:00:00',0,250,100,100,100,50,0,0,0,0),(941,3,600,'2019-01-22 08:00:00',50,300,100,100,0,0,50,0,0,0),(942,4,600,'2019-01-22 08:00:00',50,300,100,100,0,0,50,0,0,0),(943,5,600,'2019-01-22 08:00:00',50,300,100,100,0,0,50,0,0,0),(944,6,600,'2019-01-22 08:00:00',50,300,100,100,0,0,50,0,0,0),(945,7,600,'2019-01-22 08:00:00',50,300,100,100,0,0,50,0,0,0),(946,8,600,'2019-01-22 08:00:00',50,300,100,100,0,0,50,0,0,0),(947,1,600,'2019-01-23 08:00:00',50,300,100,100,0,0,50,0,0,0),(948,2,600,'2019-01-23 08:00:00',0,250,100,100,100,50,0,0,0,0),(949,3,600,'2019-01-23 08:00:00',50,300,100,100,0,0,50,0,0,0),(950,4,600,'2019-01-23 08:00:00',50,300,100,100,0,0,50,0,0,0),(951,5,600,'2019-01-23 08:00:00',50,300,100,100,0,0,50,0,0,0),(952,6,600,'2019-01-23 08:00:00',50,300,100,100,0,0,50,0,0,0),(953,7,600,'2019-01-23 08:00:00',50,300,100,100,0,0,50,0,0,0),(954,8,600,'2019-01-23 08:00:00',50,300,100,100,0,0,50,0,0,0),(955,1,600,'2019-01-24 08:00:00',50,300,100,100,0,0,50,0,0,0),(956,2,600,'2019-01-24 08:00:00',0,250,100,100,100,50,0,0,0,0),(957,3,600,'2019-01-24 08:00:00',50,300,100,100,0,0,50,0,0,0),(958,4,600,'2019-01-24 08:00:00',50,300,100,100,0,0,50,0,0,0),(959,5,600,'2019-01-24 08:00:00',50,300,100,100,0,0,50,0,0,0),(960,6,600,'2019-01-24 08:00:00',50,300,100,100,0,0,50,0,0,0),(961,7,600,'2019-01-24 08:00:00',50,300,100,100,0,0,50,0,0,0),(962,8,600,'2019-01-24 08:00:00',50,300,100,100,0,0,50,0,0,0),(963,1,600,'2019-01-25 08:00:00',50,300,100,100,0,0,50,0,0,0),(964,2,600,'2019-01-25 08:00:00',0,250,100,100,100,50,0,0,0,0),(965,3,600,'2019-01-25 08:00:00',50,300,100,100,0,0,50,0,0,0),(966,4,600,'2019-01-25 08:00:00',50,300,100,100,0,0,50,0,0,0),(967,5,600,'2019-01-25 08:00:00',50,300,100,100,0,0,50,0,0,0),(968,6,600,'2019-01-25 08:00:00',50,300,100,100,0,0,50,0,0,0),(969,7,600,'2019-01-25 08:00:00',50,300,100,100,0,0,50,0,0,0),(970,8,600,'2019-01-25 08:00:00',50,300,100,100,0,0,50,0,0,0),(971,1,600,'2019-01-26 08:00:00',50,300,100,100,0,0,50,0,0,0),(972,2,600,'2019-01-26 08:00:00',0,250,100,100,100,50,0,0,0,0),(973,3,600,'2019-01-26 08:00:00',50,300,100,100,0,0,50,0,0,0),(974,4,600,'2019-01-26 08:00:00',50,300,100,100,0,0,50,0,0,0),(975,5,600,'2019-01-26 08:00:00',50,300,100,100,0,0,50,0,0,0),(976,6,600,'2019-01-26 08:00:00',50,300,100,100,0,0,50,0,0,0),(977,7,600,'2019-01-26 08:00:00',50,300,100,100,0,0,50,0,0,0),(978,8,600,'2019-01-26 08:00:00',50,300,100,100,0,0,50,0,0,0),(979,1,600,'2019-01-27 08:00:00',50,300,100,100,0,0,50,0,0,0),(980,2,600,'2019-01-27 08:00:00',0,250,100,100,100,50,0,0,0,0),(981,3,600,'2019-01-27 08:00:00',50,300,100,100,0,0,50,0,0,0),(982,4,600,'2019-01-27 08:00:00',50,300,100,100,0,0,50,0,0,0),(983,5,600,'2019-01-27 08:00:00',50,300,100,100,0,0,50,0,0,0),(984,6,600,'2019-01-27 08:00:00',50,300,100,100,0,0,50,0,0,0),(985,7,600,'2019-01-27 08:00:00',50,300,100,100,0,0,50,0,0,0),(986,8,600,'2019-01-27 08:00:00',50,300,100,100,0,0,50,0,0,0);
/*!40000 ALTER TABLE `ticket_count` ENABLE KEYS */;
UNLOCK TABLES;

--
-- Table structure for table `train`
--

DROP TABLE IF EXISTS `train`;
/*!40101 SET @saved_cs_client     = @@character_set_client */;
/*!40101 SET character_set_client = utf8 */;
CREATE TABLE `train` (
  `id` int(11) NOT NULL AUTO_INCREMENT COMMENT 'id',
  `start_time` datetime DEFAULT NULL COMMENT '开始运行时间',
  `end_time` datetime DEFAULT NULL COMMENT '结束运行时间',
  `start_station_name` varchar(255) DEFAULT NULL COMMENT '始发地站点名',
  `end_station_name` varchar(255) DEFAULT NULL COMMENT '目的地站点名',
  `total_distance` double DEFAULT NULL COMMENT '行驶总距离',
  `train_type_id` int(11) DEFAULT NULL COMMENT '车型id',
  `total_station_num` int(11) DEFAULT NULL COMMENT '列车途经站点总数',
  `train_num` varchar(45) DEFAULT NULL COMMENT '列车号',
  PRIMARY KEY (`id`)
) ENGINE=InnoDB AUTO_INCREMENT=9 DEFAULT CHARSET=utf8 COMMENT='车次信息表';
/*!40101 SET character_set_client = @saved_cs_client */;

--
-- Dumping data for table `train`
--

LOCK TABLES `train` WRITE;
/*!40000 ALTER TABLE `train` DISABLE KEYS */;
INSERT INTO `train` VALUES (1,'2019-01-01 06:00:00','2019-01-01 18:00:00','深圳','北京',2600,1,11,'D320'),(2,'2019-01-01 07:55:00','2019-01-01 18:00:00','深圳','乌鲁木齐',2800,2,11,'G250'),(3,'2019-01-18 06:00:00','2019-01-18 11:00:00','珠海','昆明',1000,1,13,'D886'),(4,'2019-01-03 06:00:00','2019-01-03 23:00:00','深圳','长春',3000,1,15,'D7523'),(5,'2019-01-02 11:30:00','2019-01-02 23:30:00','杭州','沈阳',3000,1,10,'D3125'),(6,'2019-01-04 06:00:00','2019-01-04 23:00:00','深圳','哈尔滨',3000,1,13,'D3386'),(7,'2019-01-05 06:00:00','2019-01-05 23:00:00','海口','乌鲁木齐',2500,1,13,'D7478'),(8,'2019-01-06 06:00:00','2019-01-06 23:00:00','广州','呼和浩特',2600,1,12,'D321');
/*!40000 ALTER TABLE `train` ENABLE KEYS */;
UNLOCK TABLES;

--
-- Table structure for table `train_type`
--

DROP TABLE IF EXISTS `train_type`;
/*!40101 SET @saved_cs_client     = @@character_set_client */;
/*!40101 SET character_set_client = utf8 */;
CREATE TABLE `train_type` (
  `id` int(11) NOT NULL AUTO_INCREMENT COMMENT '车型',
  `stand_num` int(11) DEFAULT NULL COMMENT '站票数量',
  `second_seat_num` int(11) DEFAULT NULL COMMENT '二等座数量',
  `first_seat_num` int(11) DEFAULT NULL COMMENT '一等座数量',
  `business_seat_num` int(11) DEFAULT NULL COMMENT '商务座数量',
  `advanced_soft_num` int(11) DEFAULT NULL COMMENT '高级软卧数量',
  `soft_sleeper_num` int(11) DEFAULT NULL COMMENT '软卧数量',
  `highspeed_sleeper_num` int(11) DEFAULT NULL COMMENT '动卧数量',
  `hard_sleeper_num` int(11) DEFAULT NULL COMMENT '硬卧数量',
  `soft_seat_num` int(11) DEFAULT NULL COMMENT '软座数量',
  `hard_seat_num` int(11) DEFAULT NULL COMMENT '硬座数量',
  PRIMARY KEY (`id`)
) ENGINE=InnoDB AUTO_INCREMENT=4 DEFAULT CHARSET=utf8 COMMENT='车型表';
/*!40101 SET character_set_client = @saved_cs_client */;

--
-- Dumping data for table `train_type`
--

LOCK TABLES `train_type` WRITE;
/*!40000 ALTER TABLE `train_type` DISABLE KEYS */;
INSERT INTO `train_type` VALUES (1,50,300,100,100,0,0,50,0,0,0),(2,0,250,100,100,50,100,0,0,0,0),(3,0,250,100,100,50,100,0,0,0,0);
/*!40000 ALTER TABLE `train_type` ENABLE KEYS */;
UNLOCK TABLES;

--
-- Table structure for table `user`
--

DROP TABLE IF EXISTS `user`;
/*!40101 SET @saved_cs_client     = @@character_set_client */;
/*!40101 SET character_set_client = utf8 */;
CREATE TABLE `user` (
  `id` int(11) NOT NULL AUTO_INCREMENT COMMENT 'id',
  `user_name` varchar(255) DEFAULT NULL COMMENT '用户名',
  `password` varchar(512) DEFAULT NULL COMMENT '密码',
  `identity_num` varchar(30) DEFAULT NULL COMMENT '身份证号',
  `phone` varchar(20) DEFAULT NULL COMMENT '手机号码',
  `email` varchar(255) DEFAULT NULL COMMENT '邮箱',
  `admin` varchar(45) DEFAULT NULL COMMENT '用户身份标志',
  PRIMARY KEY (`id`)
) ENGINE=InnoDB AUTO_INCREMENT=21 DEFAULT CHARSET=utf8 COMMENT='用户表';
/*!40101 SET character_set_client = @saved_cs_client */;

--
-- Dumping data for table `user`
--

LOCK TABLES `user` WRITE;
/*!40000 ALTER TABLE `user` DISABLE KEYS */;
INSERT INTO `user` VALUES (1,'黄继升','557523','44050819971031361X','18767136097','326464623@qq.com','0'),(2,'郑智敏','123456','44050819971031360X','18767136099','809741326@qq.com','0'),(3,'孙星宇','123456','98767654321103188','18767136000','789654@hdu.edu.cn','0'),(4,'马诗墨','123456','18100172238','18100172238','mmmm@111.com','1'),(5,'萧远山','123456',NULL,NULL,NULL,'0'),(7,'刘强东','123123','1231231231231','1231231123',NULL,'0'),(14,'庄越','654321','44050819961616360X','13902778179','809741329@qq.com','0'),(16,'马云','alibaba',NULL,NULL,NULL,'0'),(20,'金晓','123455','22515126216','139027889','326464683@qq.com',NULL);
/*!40000 ALTER TABLE `user` ENABLE KEYS */;
UNLOCK TABLES;

--
-- Dumping events for database 'tts_sys'
--

--
-- Dumping routines for database 'tts_sys'
--
/*!40103 SET TIME_ZONE=@OLD_TIME_ZONE */;

/*!40101 SET SQL_MODE=@OLD_SQL_MODE */;
/*!40014 SET FOREIGN_KEY_CHECKS=@OLD_FOREIGN_KEY_CHECKS */;
/*!40014 SET UNIQUE_CHECKS=@OLD_UNIQUE_CHECKS */;
/*!40101 SET CHARACTER_SET_CLIENT=@OLD_CHARACTER_SET_CLIENT */;
/*!40101 SET CHARACTER_SET_RESULTS=@OLD_CHARACTER_SET_RESULTS */;
/*!40101 SET COLLATION_CONNECTION=@OLD_COLLATION_CONNECTION */;
/*!40111 SET SQL_NOTES=@OLD_SQL_NOTES */;

-- Dump completed on 2018-12-29 11:06:42
